state,hospital_count
TX,462
CA,378
FL,221
OH,194
IL,194
NY,191
PA,187
LA,160
GA,149
IN,149
MI,147
WI,142
KS,139
MN,136
OK,135
TN,123
MO,121
NC,120
IA,118
AZ,106
MS,106
KY,103
AL,102
WA,100
CO,98
VA,95
NE,93
AR,90
MA,83
NJ,78
SC,66
MT,63
SD,62
OR,62
PR,60
MD,56
WV,55
UT,51
ID,48
ND,47
NM,45
NV,45
ME,38
CT,37
WY,30
NH,28
AK,25
HI,24
VT,17
RI,13
DE,13
DC,10
GU,2
VI,2
AS,1
MP,1
